id,createdAt,updatedAt,handle,name,slug,teamId,height,weight,number,position
1630167,2021-03-26 04:41:01.43,2021-03-26 04:41:01.43,1630167,Obi Toppin,obi-toppin,1610612752,6-9,220,1,F
1629164,2021-03-26 04:41:01.439,2021-03-26 04:41:01.439,1629164,Brandon Goodwin,brandon-goodwin,1610612737,6-0,180,0,G
1630193,2021-03-26 04:41:01.445,2021-03-26 04:41:01.445,1630193,Immanuel Quickley,immanuel-quickley,1610612752,6-3,190,5,G
1629750,2021-03-26 04:41:01.451,2021-03-26 04:41:01.451,1629750,Javonte Green,javonte-green,1610612738,6-4,205,43,G-F
201587,2021-03-26 04:41:01.457,2021-03-26 04:41:01.457,201587,Nicolas Batum,nicolas-batum,1610612746,6-8,230,33,G-F
1630177,2021-03-26 04:41:01.464,2021-03-26 04:41:01.464,1630177,Theo Maledon,theo-maledon,1610612760,6-4,175,11,G
1629057,2021-03-26 04:41:01.469,2021-03-26 04:41:01.469,1629057,Robert Williams III,robert-williams-iii,1610612738,6-8,237,44,C-F
1630221,2021-03-26 04:41:01.475,2021-03-26 04:41:01.475,1630221,Josh Hall,josh-hall,1610612760,6-9,190,15,F
1629641,2021-03-26 04:41:01.48,2021-03-26 04:41:01.48,1629641,Romeo Langford,romeo-langford,1610612738,6-4,216,45,G-F
1630197,2021-03-26 04:41:01.486,2021-03-26 04:41:01.486,1630197,Aleksej Pokusevski,aleksej-pokusevski,1610612760,7-0,190,17,C
1630169,2021-03-26 04:41:01.492,2021-03-26 04:41:01.492,1630169,Tyrese Haliburton,tyrese-haliburton,1610612758,6-5,185,0,G
1629676,2021-03-26 04:41:01.499,2021-03-26 04:41:01.499,1629676,Isaiah Roby,isaiah-roby,1610612760,6-8,230,22,F
1629185,2021-03-26 04:41:01.504,2021-03-26 04:41:01.504,1629185,Chris Chiozza,chris-chiozza,1610612751,5-11,175,4,G
201142,2021-03-26 04:41:01.509,2021-03-26 04:41:01.509,201142,Kevin Durant,kevin-durant,1610612751,6-10,240,7,F
373,2021-03-26 04:41:01.515,2021-03-26 04:41:01.515,1629168,BJ Johnson,bj-johnson,1610612753,6-7,200,13,F
1628371,2021-03-26 04:41:01.521,2021-03-26 04:41:01.521,1628371,Jonathan Isaac,jonathan-isaac,1610612753,6-11,230,1,F
1628369,2021-03-26 04:41:01.527,2021-03-26 04:41:01.527,1628369,Jayson Tatum,jayson-tatum,1610612738,6-8,210,0,F-G
1629643,2021-03-26 04:41:01.533,2021-03-26 04:41:01.533,1629643,Chuma Okeke,chuma-okeke,1610612753,6-6,229,3,F
1627759,2021-03-26 04:41:01.548,2021-03-26 04:41:01.548,1627759,Jaylen Brown,jaylen-brown,1610612738,6-6,223,7,G-F
1630211,2021-03-26 04:41:01.554,2021-03-26 04:41:01.554,1630211,Karim Mane,karim-mane,1610612753,6-3,190,4,G
202689,2021-03-26 04:41:01.56,2021-03-26 04:41:01.56,202689,Kemba Walker,kemba-walker,1610612738,6-0,184,8,G
1628407,2021-03-26 04:41:01.565,2021-03-26 04:41:01.565,1628407,Dwayne Bacon,dwayne-bacon,1610612753,6-6,221,8,G-F
1629684,2021-03-26 04:41:01.571,2021-03-26 04:41:01.571,1629684,Grant Williams,grant-williams,1610612738,6-6,236,12,F
1628464,2021-03-26 04:41:01.577,2021-03-26 04:41:01.577,1628464,Daniel Theis,daniel-theis,1610612738,6-8,245,27,F-C
203516,2021-03-26 04:41:01.582,2021-03-26 04:41:01.582,203516,James Ennis III,james-ennis-iii,1610612753,6-6,215,11,F
1628400,2021-03-26 04:41:01.589,2021-03-26 04:41:01.589,1628400,Semi Ojeleye,semi-ojeleye,1610612738,6-6,240,37,F
1626184,2021-03-26 04:41:01.597,2021-03-26 04:41:01.597,1626184,Chasson Randle,chasson-randle,1610612753,6-2,185,25,G
1629682,2021-03-26 04:41:01.603,2021-03-26 04:41:01.603,1629682,Tremont Waters,tremont-waters,1610612738,5-10,175,51,G
1630175,2021-03-26 04:41:01.609,2021-03-26 04:41:01.609,1630175,Cole Anthony,cole-anthony,1610612753,6-2,185,50,G
1629605,2021-03-26 04:41:01.615,2021-03-26 04:41:01.615,1629605,Tacko Fall,tacko-fall,1610612738,7-5,311,99,C
1630178,2021-03-26 04:41:01.621,2021-03-26 04:41:01.621,1630178,Tyrese Maxey,tyrese-maxey,1610612755,6-2,200,0,G
1630198,2021-03-26 04:41:01.627,2021-03-26 04:41:01.627,1630198,Isaiah Joe,isaiah-joe,1610612755,6-4,165,7,G
1627789,2021-03-26 04:41:01.632,2021-03-26 04:41:01.632,1627789,Timothe Luwawu-Cabarrot,timothe-luwawu-cabarrot,1610612751,6-7,220,9,G-F
202681,2021-03-26 04:41:01.637,2021-03-26 04:41:01.637,202681,Kyrie Irving,kyrie-irving,1610612751,6-2,195,11,G
1630194,2021-03-26 04:41:01.643,2021-03-26 04:41:01.643,1630194,Paul Reed,paul-reed,1610612755,6-9,210,44,F
1628370,2021-03-26 04:41:01.649,2021-03-26 04:41:01.649,1628370,Malik Monk,malik-monk,1610612766,6-3,200,1,G
1629066,2021-03-26 04:41:01.66,2021-03-26 04:41:01.66,1629066,Rodions Kurucs,rodions-kurucs,1610612749,6-9,228,00,F
1630234,2021-03-26 04:41:01.666,2021-03-26 04:41:01.666,1630234,Ty-Shon Alexander,ty-shon-alexander,1610612756,6-3,195,0,G
1630188,2021-03-26 04:41:01.674,2021-03-26 04:41:01.674,1630188,Jalen Smith,jalen-smith,1610612756,6-10,215,10,F-C
202683,2021-03-26 04:41:01.681,2021-03-26 04:41:01.681,202683,Enes Kanter,enes-kanter,1610612757,6-10,250,11,C
1629604,2021-03-26 04:41:01.687,2021-03-26 04:41:01.687,1629604,CJ Elleby,cj-elleby,1610612757,6-6,200,16,F-G
1626195,2021-03-26 04:41:01.693,2021-03-26 04:41:01.693,1626195,Willy Hernangomez,willy-hernangomez,1610612740,6-11,250,9,C-F
1629833,2021-03-26 04:41:01.7,2021-03-26 04:41:01.7,1629833,Keljin Blevins,keljin-blevins,1610612757,6-4,200,21,G
1630186,2021-03-26 04:41:01.705,2021-03-26 04:41:01.705,1630186,Jahmi'us Ramsey,jahmius-ramsey,1610612758,6-3,190,3,G
1630218,2021-03-26 04:41:01.713,2021-03-26 04:41:01.713,1630218,Robert Woodard II,robert-woodard-ii,1610612758,6-6,235,13,F
1630170,2021-03-26 04:41:01.719,2021-03-26 04:41:01.719,1630170,Devin Vassell,devin-vassell,1610612759,6-5,200,24,G-F
1630200,2021-03-26 04:41:01.727,2021-03-26 04:41:01.727,1630200,Tre Jones,tre-jones,1610612759,6-1,185,33,G
68,2021-03-26 04:41:01.732,2021-03-26 04:41:01.732,1628424,Kobi Simmons,kobi-simmons,1610612766,6-5,180,23,G
1630223,2021-03-26 04:41:01.74,2021-03-26 04:41:01.74,1630223,Jalen Harris,jalen-harris,1610612761,6-5,195,2,G
69,2021-03-26 04:41:01.747,2021-03-26 04:41:01.747,1629034,Ray Spalding,ray-spalding,1610612766,6-9,225,26,F
1630201,2021-03-26 04:41:01.756,2021-03-26 04:41:01.756,1630201,Malachi Flynn,malachi-flynn,1610612761,6-1,175,8,G
1628970,2021-03-26 04:41:01.766,2021-03-26 04:41:01.766,1628970,Miles Bridges,miles-bridges,1610612766,6-6,225,0,F
1626181,2021-03-26 04:41:01.772,2021-03-26 04:41:01.772,1626181,Norman Powell,norman-powell,1610612761,6-3,215,24,G
1626179,2021-03-26 04:41:01.779,2021-03-26 04:41:01.779,1626179,Terry Rozier,terry-rozier,1610612766,6-1,190,3,G
1630235,2021-03-26 04:41:01.785,2021-03-26 04:41:01.785,1630235,Trent Forrest,trent-forrest,1610612762,6-4,210,3,G
1628984,2021-03-26 04:41:01.791,2021-03-26 04:41:01.791,1628984,Devonte' Graham,devonte-graham,1610612766,6-1,195,4,G
1628962,2021-03-26 04:41:01.798,2021-03-26 04:41:01.798,1628962,Udoka Azubuike,udoka-azubuike,1610612762,6-10,280,20,C-F
1629667,2021-03-26 04:41:01.804,2021-03-26 04:41:01.804,1629667,Jalen McDaniels,jalen-mcdaniels,1610612766,6-9,205,6,F-C
1630190,2021-03-26 04:41:01.811,2021-03-26 04:41:01.811,1630190,Elijah Hughes,elijah-hughes,1610612762,6-5,215,33,G
202687,2021-03-26 04:41:01.818,2021-03-26 04:41:01.818,202687,Bismack Biyombo,bismack-biyombo,1610612766,6-8,255,8,C
507,2021-03-26 04:41:01.823,2021-03-26 04:41:01.823,1627780,Gary Payton II,gary-payton-ii,1610612764,6-3,195,20,G
510,2021-03-26 04:41:01.829,2021-03-26 04:41:01.829,101133,Ian Mahinmi,ian-mahinmi,1610612764,6-11,262,28,C
1628997,2021-03-26 04:41:01.834,2021-03-26 04:41:01.834,1628997,Caleb Martin,caleb-martin,1610612766,6-5,205,10,F
1628998,2021-03-26 04:41:01.84,2021-03-26 04:41:01.84,1628998,Cody Martin,cody-martin,1610612766,6-5,205,11,F
202330,2021-03-26 04:41:01.846,2021-03-26 04:41:01.846,202330,Gordon Hayward,gordon-hayward,1610612766,6-7,225,20,F
35,2021-03-26 04:41:01.852,2021-03-26 04:41:01.852,2037,Jamal Crawford,jamal-crawford,1610612751,6-5,200,1,G
1629023,2021-03-26 04:41:01.859,2021-03-26 04:41:01.859,1629023,P.J. Washington,pj-washington,1610612766,6-7,230,25,F
203469,2021-03-26 04:41:01.865,2021-03-26 04:41:01.865,203469,Cody Zeller,cody-zeller,1610612766,6-11,240,40,F-C
40,2021-03-26 04:41:01.87,2021-03-26 04:41:01.87,1629058,Dzanan Musa,dzanan-musa,1610612751,6-9,217,13,G-F
1629632,2021-03-26 04:41:01.875,2021-03-26 04:41:01.875,1629632,Coby White,coby-white,1610612741,6-5,195,0,G
202954,2021-03-26 04:41:01.881,2021-03-26 04:41:01.881,202954,Brad Wanamaker,brad-wanamaker,1610612744,6-3,210,10,G
1629645,2021-03-26 04:41:01.887,2021-03-26 04:41:01.887,1629645,Kevin Porter Jr.,kevin-porter-jr,1610612745,6-4,203,3,G-F
1628035,2021-03-26 04:41:01.893,2021-03-26 04:41:01.893,1628035,Alfonzo McKinnie,alfonzo-mckinnie,1610612747,6-7,215,28,F
203944,2021-03-26 04:41:01.899,2021-03-26 04:41:01.899,203944,Julius Randle,julius-randle,1610612752,6-8,250,30,F-C
1628983,2021-03-26 04:41:01.904,2021-03-26 04:41:01.904,1628983,Shai Gilgeous-Alexander,shai-gilgeous-alexander,1610612760,6-6,180,2,G-F
204001,2021-03-26 04:41:01.91,2021-03-26 04:41:01.91,204001,Kristaps Porzingis,kristaps-porzingis,1610612742,7-3,240,6,F-C
1629685,2021-03-26 04:41:01.915,2021-03-26 04:41:01.915,1629685,Dylan Windler,dylan-windler,1610612739,6-6,196,9,G-F
201588,2021-03-26 04:41:01.922,2021-03-26 04:41:01.922,201588,George Hill,george-hill,1610612760,6-4,188,3,G
1628422,2021-03-26 04:41:01.927,2021-03-26 04:41:01.927,1628422,Damyean Dotson,damyean-dotson,1610612739,6-5,210,21,G
204038,2021-03-26 04:41:01.933,2021-03-26 04:41:01.933,204038,Langston Galloway,langston-galloway,1610612756,6-1,200,2,G
203496,2021-03-26 04:41:01.937,2021-03-26 04:41:01.937,203496,Robert Covington,robert-covington,1610612757,6-7,209,23,F
203486,2021-03-26 04:41:01.943,2021-03-26 04:41:01.943,203486,Mason Plumlee,mason-plumlee,1610612765,6-11,254,24,F-C
203503,2021-03-26 04:41:01.948,2021-03-26 04:41:01.948,203503,Tony Snell,tony-snell,1610612737,6-6,213,19,G
202324,2021-03-26 04:41:01.961,2021-03-26 04:41:01.961,202324,Derrick Favors,derrick-favors,1610612762,6-9,265,15,F
1629346,2021-03-26 04:41:01.966,2021-03-26 04:41:01.966,1629346,Alen Smailagic,alen-smailagic,1610612744,6-10,215,6,F
1630216,2021-03-26 04:41:01.971,2021-03-26 04:41:01.971,1630216,Cassius Winston,cassius-winston,1610612764,6-1,185,5,G
1628383,2021-03-26 04:41:01.976,2021-03-26 04:41:01.976,1628383,Justin Patton,justin-patton,1610612745,6-11,241,26,C
1630166,2021-03-26 04:41:01.981,2021-03-26 04:41:01.981,1630166,Deni Avdija,deni-avdija,1610612764,6-9,210,9,F
203210,2021-03-26 04:41:01.986,2021-03-26 04:41:01.986,203210,JaMychal Green,jamychal-green,1610612743,6-8,227,0,F-C
201577,2021-03-26 04:41:01.991,2021-03-26 04:41:01.991,201577,Robin Lopez,robin-lopez,1610612764,7-0,281,15,C
203524,2021-03-26 04:41:01.996,2021-03-26 04:41:01.996,203524,Solomon Hill,solomon-hill,1610612737,6-6,226,18,F
1630264,2021-03-26 04:41:02.001,2021-03-26 04:41:02.001,1630264,Anthony Gill,anthony-gill,1610612764,6-7,230,16,F
203482,2021-03-26 04:41:02.005,2021-03-26 04:41:02.005,203482,Kelly Olynyk,kelly-olynyk,1610612748,6-11,240,9,F-C
202340,2021-03-26 04:41:02.01,2021-03-26 04:41:02.01,202340,Avery Bradley,avery-bradley,1610612748,6-3,180,11,G
1629731,2021-03-26 04:41:02.016,2021-03-26 04:41:02.016,1629731,Dean Wade,dean-wade,1610612739,6-9,228,32,F-C
1628420,2021-03-26 04:41:02.02,2021-03-26 04:41:02.02,1628420,Monte Morris,monte-morris,1610612743,6-2,183,11,G
1627739,2021-03-26 04:41:02.026,2021-03-26 04:41:02.026,1627739,Kris Dunn,kris-dunn,1610612737,6-3,205,32,G
1628973,2021-03-26 04:41:02.03,2021-03-26 04:41:02.03,1628973,Jalen Brunson,jalen-brunson,1610612742,6-1,190,13,G
203914,2021-03-26 04:41:02.035,2021-03-26 04:41:02.035,203914,Gary Harris,gary-harris,1610612743,6-4,210,14,G
1629076,2021-03-26 04:41:02.04,2021-03-26 04:41:02.04,1629076,Tyler Cook,tyler-cook,1610612765,6-8,255,25,F
201933,2021-03-26 04:41:02.045,2021-03-26 04:41:02.045,201933,Blake Griffin,blake-griffin,1610612751,6-9,250,2,F
1629672,2021-03-26 04:41:02.05,2021-03-26 04:41:02.05,1629672,Eric Paschall,eric-paschall,1610612744,6-6,255,7,F
201935,2021-03-26 04:41:02.055,2021-03-26 04:41:02.055,201935,James Harden,james-harden,1610612751,6-5,220,13,G
1626174,2021-03-26 04:41:02.06,2021-03-26 04:41:02.06,1626174,Christian Wood,christian-wood,1610612745,6-10,214,35,F
1627763,2021-03-26 04:41:02.064,2021-03-26 04:41:02.064,1627763,Malcolm Brogdon,malcolm-brogdon,1610612754,6-5,229,7,G
1629013,2021-03-26 04:41:02.069,2021-03-26 04:41:02.069,1629013,Landry Shamet,landry-shamet,1610612751,6-4,190,20,G
202694,2021-03-26 04:41:02.074,2021-03-26 04:41:02.074,202694,Marcus Morris Sr.,marcus-morris-sr,1610612746,6-8,218,8,F
201976,2021-03-26 04:41:02.079,2021-03-26 04:41:02.079,201976,Patrick Beverley,patrick-beverley,1610612746,6-1,180,21,G
203484,2021-03-26 04:41:02.084,2021-03-26 04:41:02.084,203484,Kentavious Caldwell-Pope,kentavious-caldwell-pope,1610612747,6-5,204,1,G
202083,2021-03-26 04:41:02.089,2021-03-26 04:41:02.089,202083,Wesley Matthews,wesley-matthews,1610612747,6-4,220,9,G
201162,2021-03-26 04:41:02.094,2021-03-26 04:41:02.094,201162,Jared Dudley,jared-dudley,1610612747,6-6,237,10,F
1626159,2021-03-26 04:41:02.1,2021-03-26 04:41:02.1,1626159,Justise Winslow,justise-winslow,1610612763,6-6,222,7,F-G
1626171,2021-03-26 04:41:02.104,2021-03-26 04:41:02.104,1626171,Bobby Portis,bobby-portis,1610612749,6-10,250,9,F
200782,2021-03-26 04:41:02.109,2021-03-26 04:41:02.109,200782,P.J. Tucker,pj-tucker,1610612749,6-5,245,17,F
1629675,2021-03-26 04:41:02.115,2021-03-26 04:41:02.115,1629675,Naz Reid,naz-reid,1610612750,6-9,264,11,C-F
1628366,2021-03-26 04:41:02.12,2021-03-26 04:41:02.12,1628366,Lonzo Ball,lonzo-ball,1610612740,6-6,190,2,G
1628539,2021-03-26 04:41:02.125,2021-03-26 04:41:02.125,1628539,Mychal Mulder,mychal-mulder,1610612744,6-3,184,15,G
71,2021-03-26 04:41:02.13,2021-03-26 04:41:02.13,1627885,Shaquille Harrison,shaquille-harrison,1610612741,6-7,190,3,G
137,2021-03-26 04:41:02.134,2021-03-26 04:41:02.134,203943,Noah Vonleh,noah-vonleh,1610612743,6-10,257,32,F
204456,2021-03-26 04:41:02.141,2021-03-26 04:41:02.141,204456,T.J. McConnell,tj-mcconnell,1610612754,6-1,190,9,G
203110,2021-03-26 04:41:02.151,2021-03-26 04:41:02.151,203110,Draymond Green,draymond-green,1610612744,6-6,230,23,F
1629308,2021-03-26 04:41:02.157,2021-03-26 04:41:02.157,1629308,Juan Toscano-Anderson,juan-toscano-anderson,1610612744,6-6,209,95,F
169,2021-03-26 04:41:02.162,2021-03-26 04:41:02.162,1629598,Chris Clemons,chris-clemons,1610612745,5-9,180,3,G
1626192,2021-03-26 04:41:02.167,2021-03-26 04:41:02.167,1626192,Pat Connaughton,pat-connaughton,1610612749,6-5,209,24,G
185,2021-03-26 04:41:02.173,2021-03-26 04:41:02.173,1629739,William Howard,william-howard,1610612745,6-8,207,52,F-G
1626149,2021-03-26 04:41:02.18,2021-03-26 04:41:02.18,1626149,Montrezl Harrell,montrezl-harrell,1610612747,6-7,240,15,F-C
101150,2021-03-26 04:41:02.185,2021-03-26 04:41:02.185,101150,Lou Williams,lou-williams,1610612746,6-1,175,23,G
226,2021-03-26 04:41:02.191,2021-03-26 04:41:02.191,2747,JR Smith,jr-smith,1610612747,6-6,220,21,G
1629719,2021-03-26 04:41:02.196,2021-03-26 04:41:02.196,1629719,Devontae Cacok,devontae-cacok,1610612747,6-7,240,12,F
1628961,2021-03-26 04:41:02.201,2021-03-26 04:41:02.201,1628961,Kostas Antetokounmpo,kostas-antetokounmpo,1610612747,6-10,200,37,F
1629634,2021-03-26 04:41:02.206,2021-03-26 04:41:02.206,1629634,Brandon Clarke,brandon-clarke,1610612763,6-8,215,15,F
1629639,2021-03-26 04:41:02.212,2021-03-26 04:41:02.212,1629639,Tyler Herro,tyler-herro,1610612748,6-5,195,14,G
2738,2021-03-26 04:41:02.217,2021-03-26 04:41:02.217,2738,Andre Iguodala,andre-iguodala,1610612748,6-6,215,28,G-F
1629130,2021-03-26 04:41:02.222,2021-03-26 04:41:02.222,1629130,Duncan Robinson,duncan-robinson,1610612748,6-7,215,55,F
202339,2021-03-26 04:41:02.227,2021-03-26 04:41:02.227,202339,Eric Bledsoe,eric-bledsoe,1610612740,6-1,214,5,G
293,2021-03-26 04:41:02.232,2021-03-26 04:41:02.232,1628980,Jacob Evans,jacob-evans,1610612750,6-4,210,12,G-F
1629650,2021-03-26 04:41:02.237,2021-03-26 04:41:02.237,1629650,Moses Brown,moses-brown,1610612760,7-2,245,9,C
201988,2021-03-26 04:41:02.242,2021-03-26 04:41:02.242,201988,Patty Mills,patty-mills,1610612759,6-1,180,8,G
200746,2021-03-26 04:41:02.247,2021-03-26 04:41:02.247,200746,LaMarcus Aldridge,lamarcus-aldridge,1610612759,6-11,250,12,C-F
1628384,2021-03-26 04:41:02.253,2021-03-26 04:41:02.253,1628384,OG Anunoby,og-anunoby,1610612761,6-7,232,3,F
1629714,2021-03-26 04:41:02.258,2021-03-26 04:41:02.258,1629714,Jarrell Brantley,jarrell-brantley,1610612762,6-5,250,5,F
1628972,2021-03-26 04:41:02.263,2021-03-26 04:41:02.263,1628972,Troy Brown Jr.,troy-brown-jr,1610612764,6-6,215,6,G-F
1628373,2021-03-26 04:41:02.268,2021-03-26 04:41:02.268,1628373,Frank Ntilikina,frank-ntilikina,1610612752,6-4,200,11,G
1626161,2021-03-26 04:41:02.272,2021-03-26 04:41:02.272,1626161,Willie Cauley-Stein,willie-cauley-stein,1610612742,7-0,240,33,C
202692,2021-03-26 04:41:02.277,2021-03-26 04:41:02.277,202692,Alec Burks,alec-burks,1610612752,6-6,214,18,G
1629659,2021-03-26 04:41:02.282,2021-03-26 04:41:02.282,1629659,Talen Horton-Tucker,talen-horton-tucker,1610612747,6-4,234,5,G
1629011,2021-03-26 04:41:02.286,2021-03-26 04:41:02.286,1629011,Mitchell Robinson,mitchell-robinson,1610612752,7-0,240,23,C-F
1629134,2021-03-26 04:41:02.291,2021-03-26 04:41:02.291,1629134,Kendrick Nunn,kendrick-nunn,1610612748,6-2,190,25,G
356,2021-03-26 04:41:02.296,2021-03-26 04:41:02.296,1629126,Deonte Burton,deonte-burton,1610612760,6-4,240,30,G-F
1629652,2021-03-26 04:41:02.301,2021-03-26 04:41:02.301,1629652,Luguentz Dort,luguentz-dort,1610612760,6-3,215,5,G
345,2021-03-26 04:41:02.306,2021-03-26 04:41:02.306,1628987,Kevin Hervey,kevin-hervey,1610612760,6-9,230,15,F
203487,2021-03-26 04:41:02.311,2021-03-26 04:41:02.311,203487,Michael Carter-Williams,michael-carter-williams,1610612753,6-5,190,7,G
1629028,2021-03-26 04:41:02.316,2021-03-26 04:41:02.316,1629028,Deandre Ayton,deandre-ayton,1610612756,6-11,250,22,C
1629642,2021-03-26 04:41:02.321,2021-03-26 04:41:02.321,1629642,Nassir Little,nassir-little,1610612757,6-5,220,9,F-G
203994,2021-03-26 04:41:02.327,2021-03-26 04:41:02.327,203994,Jusuf Nurkic,jusuf-nurkic,1610612757,6-11,290,27,C
425,2021-03-26 04:41:02.332,2021-03-26 04:41:02.332,1627812,Yogi Ferrell,yogi-ferrell,1610612758,6-0,178,3,G
1628368,2021-03-26 04:41:02.336,2021-03-26 04:41:02.336,1628368,De'Aaron Fox,deaaron-fox,1610612758,6-3,185,5,G
1629139,2021-03-26 04:41:02.342,2021-03-26 04:41:02.342,1629139,Yuta Watanabe,yuta-watanabe,1610612761,6-9,215,18,G-F
1629010,2021-03-26 04:41:02.346,2021-03-26 04:41:02.346,1629010,Jerome Robinson,jerome-robinson,1610612764,6-4,190,12,G
1628418,2021-03-26 04:41:02.351,2021-03-26 04:41:02.351,1628418,Thomas Bryant,thomas-bryant,1610612764,6-10,248,13,C-F
1629726,2021-03-26 04:41:02.357,2021-03-26 04:41:02.357,1629726,Garrison Mathews,garrison-mathews,1610612764,6-5,215,24,G
1629690,2021-03-26 04:41:02.362,2021-03-26 04:41:02.362,1629690,Adam Mokoka,adam-mokoka,1610612741,6-4,190,20,G
203083,2021-03-26 04:41:02.368,2021-03-26 04:41:02.368,203083,Andre Drummond,andre-drummond,1610612739,6-10,279,3,C
365,2021-03-26 04:41:02.372,2021-03-26 04:41:02.372,1628982,Melvin Frazier Jr.,melvin-frazier-jr,1610612753,6-5,215,35,G-F
1627750,2021-03-26 04:41:02.378,2021-03-26 04:41:02.378,1627750,Jamal Murray,jamal-murray,1610612743,6-3,215,27,G
203095,2021-03-26 04:41:02.383,2021-03-26 04:41:02.383,203095,Evan Fournier,evan-fournier,1610612753,6-7,205,10,G-F
1628404,2021-03-26 04:41:02.388,2021-03-26 04:41:02.388,1628404,Josh Hart,josh-hart,1610612740,6-5,215,3,G
203920,2021-03-26 04:41:02.394,2021-03-26 04:41:02.394,203920,Khem Birch,khem-birch,1610612753,6-9,233,24,C
1628372,2021-03-26 04:41:02.399,2021-03-26 04:41:02.399,1628372,Dennis Smith Jr.,dennis-smith-jr,1610612765,6-2,205,0,G
385,2021-03-26 04:41:02.403,2021-03-26 04:41:02.403,203658,Norvel Pelle,norvel-pelle,1610612755,6-10,231,14,F
203090,2021-03-26 04:41:02.408,2021-03-26 04:41:02.408,203090,Maurice Harkless,maurice-harkless,1610612748,6-7,220,8,F-G
384,2021-03-26 04:41:02.413,2021-03-26 04:41:02.413,1629151,Ryan Broekhoff,ryan-broekhoff,1610612755,6-6,215,45,G-F
1628969,2021-03-26 04:41:02.418,2021-03-26 04:41:02.418,1628969,Mikal Bridges,mikal-bridges,1610612756,6-6,209,25,F
416,2021-03-26 04:41:02.422,2021-03-26 04:41:02.422,1626209,Mario Hezonja,mario-hezonja,1610612757,6-8,220,44,F-G
424,2021-03-26 04:41:02.427,2021-03-26 04:41:02.427,201147,Corey Brewer,corey-brewer,1610612758,6-9,188,13,G-F
418,2021-03-26 04:41:02.432,2021-03-26 04:41:02.432,1629658,Jaylen Hoard,jaylen-hoard,1610612757,6-8,216,6,F
202355,2021-03-26 04:41:02.437,2021-03-26 04:41:02.437,202355,Hassan Whiteside,hassan-whiteside,1610612758,7-0,265,20,C
407,2021-03-26 04:41:02.442,2021-03-26 04:41:02.442,1628403,Caleb Swanigan,caleb-swanigan,1610612757,6-9,260,50,F
203953,2021-03-26 04:41:02.446,2021-03-26 04:41:02.446,203953,Jabari Parker,jabari-parker,1610612758,6-8,245,33,F
1629610,2021-03-26 04:41:02.451,2021-03-26 04:41:02.451,1629610,DaQuan Jeffries,daquan-jeffries,1610612758,6-5,230,19,G-F
1626158,2021-03-26 04:41:02.456,2021-03-26 04:41:02.456,1626158,Richaun Holmes,richaun-holmes,1610612758,6-10,235,22,F
1629662,2021-03-26 04:41:02.461,2021-03-26 04:41:02.461,1629662,Mfiondu Kabengele,mfiondu-kabengele,1610612758,6-9,250,25,F-C
103,2021-03-26 04:41:02.467,2021-03-26 04:41:02.467,201584,Courtney Lee,courtney-lee,1610612742,6-5,215,1,G
97,2021-03-26 04:41:02.471,2021-03-26 04:41:02.471,1628395,Jordan Bell,jordan-bell,1610612739,6-8,216,5,F
1629048,2021-03-26 04:41:02.475,2021-03-26 04:41:02.475,1629048,Goga Bitadze,goga-bitadze,1610612754,6-11,250,88,C-F
203507,2021-03-26 04:41:02.48,2021-03-26 04:41:02.48,203507,Giannis Antetokounmpo,giannis-antetokounmpo,1610612749,6-11,242,34,F
1629669,2021-03-26 04:41:02.487,2021-03-26 04:41:02.487,1629669,Jaylen Nowell,jaylen-nowell,1610612750,6-4,201,4,G
200755,2021-03-26 04:41:02.492,2021-03-26 04:41:02.492,200755,JJ Redick,jj-redick,1610612740,6-3,200,4,G
1629234,2021-03-26 04:41:02.496,2021-03-26 04:41:02.496,1629234,Drew Eubanks,drew-eubanks,1610612759,6-9,245,14,F-C
200752,2021-03-26 04:41:02.501,2021-03-26 04:41:02.501,200752,Rudy Gay,rudy-gay,1610612759,6-8,250,22,F-G
456,2021-03-26 04:41:02.506,2021-03-26 04:41:02.506,203092,Tyler Zeller,tyler-zeller,1610612759,6-11,250,40,F-C
1627832,2021-03-26 04:41:02.511,2021-03-26 04:41:02.511,1627832,Fred VanVleet,fred-vanvleet,1610612761,6-1,197,23,G
462,2021-03-26 04:41:02.516,2021-03-26 04:41:02.516,1626259,Malcolm Miller,malcolm-miller,1610612761,6-7,210,13,G-F
1627783,2021-03-26 04:41:02.52,2021-03-26 04:41:02.52,1627783,Pascal Siakam,pascal-siakam,1610612761,6-9,230,43,F
203497,2021-03-26 04:41:02.525,2021-03-26 04:41:02.525,203497,Rudy Gobert,rudy-gobert,1610612762,7-1,258,27,C
475,2021-03-26 04:41:02.529,2021-03-26 04:41:02.529,1628430,Nigel Williams-Goss,nigel-williams-goss,1610612762,6-2,190,0,G
498,2021-03-26 04:41:02.534,2021-03-26 04:41:02.534,1629140,Johnathan Williams,johnathan-williams,1610612764,6-9,228,19,F
502,2021-03-26 04:41:02.538,2021-03-26 04:41:02.538,203894,Shabazz Napier,shabazz-napier,1610612764,6-0,175,5,G
101141,2021-03-26 04:41:02.543,2021-03-26 04:41:02.543,101141,Ersan Ilyasova,ersan-ilyasova,1610612762,6-9,235,7,F
1629752,2021-03-26 04:41:02.548,2021-03-26 04:41:02.548,1629752,Juwan Morgan,juwan-morgan,1610612762,6-7,232,16,F
1629060,2021-03-26 04:41:02.553,2021-03-26 04:41:02.553,1629060,Rui Hachimura,rui-hachimura,1610612764,6-8,230,8,F
1629607,2021-03-26 04:41:02.557,2021-03-26 04:41:02.557,1629607,Jared Harper,jared-harper,1610612752,5-10,175,0,G
1629012,2021-03-26 04:41:02.562,2021-03-26 04:41:02.562,1629012,Collin Sexton,collin-sexton,1610612739,6-1,190,2,G
201565,2021-03-26 04:41:02.567,2021-03-26 04:41:02.567,201565,Derrick Rose,derrick-rose,1610612752,6-2,200,4,G
203933,2021-03-26 04:41:02.571,2021-03-26 04:41:02.571,203933,T.J. Warren,tj-warren,1610612754,6-8,220,1,F
203493,2021-03-26 04:41:02.576,2021-03-26 04:41:02.576,203493,Reggie Bullock,reggie-bullock,1610612752,6-6,205,25,G-F
1628988,2021-03-26 04:41:02.582,2021-03-26 04:41:02.582,1628988,Aaron Holiday,aaron-holiday,1610612754,6-0,185,3,G
1628382,2021-03-26 04:41:02.586,2021-03-26 04:41:02.586,1628382,Justin Jackson,justin-jackson,1610612760,6-8,220,44,F
375,2021-03-26 04:41:02.591,2021-03-26 04:41:02.591,1629015,Zhaire Smith,zhaire-smith,1610612755,6-3,205,5,G
1627788,2021-03-26 04:41:02.596,2021-03-26 04:41:02.596,1627788,Furkan Korkmaz,furkan-korkmaz,1610612755,6-7,202,30,G-F
389,2021-03-26 04:41:02.602,2021-03-26 04:41:02.602,1629621,Marial Shayok,marial-shayok,1610612755,6-5,198,35,G-F
201949,2021-03-26 04:41:02.607,2021-03-26 04:41:02.607,201949,James Johnson,james-johnson,1610612742,6-7,240,16,F
1628975,2021-03-26 04:41:02.611,2021-03-26 04:41:02.611,1628975,Jevon Carter,jevon-carter,1610612756,6-1,200,4,G
1629661,2021-03-26 04:41:02.616,2021-03-26 04:41:02.616,1629661,Cameron Johnson,cameron-johnson,1610612756,6-8,210,23,F
1626163,2021-03-26 04:41:02.62,2021-03-26 04:41:02.62,1626163,Frank Kaminsky,frank-kaminsky,1610612756,7-0,240,8,F-C
201571,2021-03-26 04:41:02.624,2021-03-26 04:41:02.624,201571,D.J. Augustin,dj-augustin,1610612745,5-11,183,14,G
1628470,2021-03-26 04:41:02.629,2021-03-26 04:41:02.629,1628470,Torrey Craig,torrey-craig,1610612756,6-7,221,12,F
203918,2021-03-26 04:41:02.635,2021-03-26 04:41:02.635,203918,Rodney Hood,rodney-hood,1610612757,6-8,208,5,G-F
1627741,2021-03-26 04:41:02.64,2021-03-26 04:41:02.64,1627741,Buddy Hield,buddy-hield,1610612758,6-4,220,24,G
1629022,2021-03-26 04:41:02.645,2021-03-26 04:41:02.645,1629022,Lonnie Walker IV,lonnie-walker-iv,1610612759,6-4,204,1,G-F
1628436,2021-03-26 04:41:02.65,2021-03-26 04:41:02.65,1628436,Luke Kornet,luke-kornet,1610612741,7-2,250,2,F-C
1629683,2021-03-26 04:41:02.655,2021-03-26 04:41:02.655,1629683,Quinndary Weatherspoon,quinndary-weatherspoon,1610612759,6-3,205,15,G
203521,2021-03-26 04:41:02.66,2021-03-26 04:41:02.66,203521,Matthew Dellavedova,matthew-dellavedova,1610612739,6-3,200,18,G
1628966,2021-03-26 04:41:02.665,2021-03-26 04:41:02.665,1628966,Keita Bates-Diop,keita-bates-diop,1610612759,6-8,229,31,F
113,2021-03-26 04:41:02.671,2021-03-26 04:41:02.671,203077,Michael Kidd-Gilchrist,michael-kidd-gilchrist,1610612742,6-6,232,9,F
1626169,2021-03-26 04:41:02.677,2021-03-26 04:41:02.677,1626169,Stanley Johnson,stanley-johnson,1610612761,6-6,242,5,F-G
203939,2021-03-26 04:41:02.682,2021-03-26 04:41:02.682,203939,Dwight Powell,dwight-powell,1610612742,6-10,240,7,F-C
479,2021-03-26 04:41:02.687,2021-03-26 04:41:02.687,1626144,Emmanuel Mudiay,emmanuel-mudiay,1610612762,6-3,200,15,G
203115,2021-03-26 04:41:02.693,2021-03-26 04:41:02.693,203115,Will Barton,will-barton,1610612743,6-6,181,5,G
1629671,2021-03-26 04:41:02.699,2021-03-26 04:41:02.699,1629671,Miye Oni,miye-oni,1610612762,6-5,206,81,G-F
1629626,2021-03-26 04:41:02.705,2021-03-26 04:41:02.705,1629626,Bol Bol,bol-bol,1610612743,7-2,220,10,C-F
485,2021-03-26 04:41:02.71,2021-03-26 04:41:02.71,1629625,Justin Wright-Foreman,justin-wright-foreman,1610612762,6-0,190,3,G
1628378,2021-03-26 04:41:02.716,2021-03-26 04:41:02.716,1628378,Donovan Mitchell,donovan-mitchell,1610612762,6-1,215,45,G
1628367,2021-03-26 04:41:02.721,2021-03-26 04:41:02.721,1628367,Josh Jackson,josh-jackson,1610612765,6-8,207,20,G-F
1629021,2021-03-26 04:41:02.726,2021-03-26 04:41:02.726,1629021,Moritz Wagner,moritz-wagner,1610612764,6-11,245,21,F-C
1626172,2021-03-26 04:41:02.732,2021-03-26 04:41:02.732,1626172,Kevon Looney,kevon-looney,1610612744,6-9,222,5,F
1627863,2021-03-26 04:41:02.738,2021-03-26 04:41:02.738,1627863,Danuel House Jr.,danuel-house-jr,1610612745,6-6,220,4,F-G
506,2021-03-26 04:41:02.743,2021-03-26 04:41:02.743,1628394,Anzejs Pasecniks,anzejs-pasecniks,1610612764,7-2,229,18,C-F
203200,2021-03-26 04:41:02.749,2021-03-26 04:41:02.749,203200,Justin Holiday,justin-holiday,1610612754,6-6,180,8,F-G
1628968,2021-03-26 04:41:02.754,2021-03-26 04:41:02.754,1628968,Brian Bowen II,brian-bowen-ii,1610612754,6-6,190,10,F-G
202704,2021-03-26 04:41:02.759,2021-03-26 04:41:02.759,202704,Reggie Jackson,reggie-jackson,1610612746,6-2,208,1,G
202695,2021-03-26 04:41:02.765,2021-03-26 04:41:02.765,202695,Kawhi Leonard,kawhi-leonard,1610612746,6-7,225,2,F
200765,2021-03-26 04:41:02.771,2021-03-26 04:41:02.771,200765,Rajon Rondo,rajon-rondo,1610612737,6-1,180,7,G
1629630,2021-03-26 04:41:02.777,2021-03-26 04:41:02.777,1629630,Ja Morant,ja-morant,1610612763,6-3,174,12,G
202685,2021-03-26 04:41:02.783,2021-03-26 04:41:02.783,202685,Jonas Valanciunas,jonas-valanciunas,1610612763,6-11,265,17,C
1629644,2021-03-26 04:41:02.788,2021-03-26 04:41:02.788,1629644,KZ Okpala,kz-okpala,1610612748,6-8,215,4,F-G
201572,2021-03-26 04:41:02.793,2021-03-26 04:41:02.793,201572,Brook Lopez,brook-lopez,1610612749,7-0,282,11,C
1628408,2021-03-26 04:41:02.798,2021-03-26 04:41:02.798,1628408,PJ Dozier,pj-dozier,1610612743,6-6,205,35,G-F
1628379,2021-03-26 04:41:02.803,2021-03-26 04:41:02.803,1628379,Luke Kennard,luke-kennard,1610612746,6-5,206,5,G
201939,2021-03-26 04:41:02.807,2021-03-26 04:41:02.807,201939,Stephen Curry,stephen-curry,1610612744,6-3,185,30,G
170,2021-03-26 04:41:02.812,2021-03-26 04:41:02.812,203998,Bruno Caboclo,bruno-caboclo,1610612745,6-9,218,5,F
174,2021-03-26 04:41:02.817,2021-03-26 04:41:02.817,2199,Tyson Chandler,tyson-chandler,1610612745,7-0,235,19,C
1626167,2021-03-26 04:41:02.821,2021-03-26 04:41:02.821,1626167,Myles Turner,myles-turner,1610612754,6-11,250,33,C-F
178,2021-03-26 04:41:02.824,2021-03-26 04:41:02.824,201601,Luc Mbah a Moute,luc-mbah-a-moute,1610612745,6-8,230,12,F
202331,2021-03-26 04:41:02.829,2021-03-26 04:41:02.829,202331,Paul George,paul-george,1610612746,6-8,220,13,F
216,2021-03-26 04:41:02.834,2021-03-26 04:41:02.834,1628405,Johnathan Motley,johnathan-motley,1610612746,6-8,230,15,F
202335,2021-03-26 04:41:02.838,2021-03-26 04:41:02.838,202335,Patrick Patterson,patrick-patterson,1610612746,6-8,235,54,F
1629723,2021-03-26 04:41:02.842,2021-03-26 04:41:02.842,1629723,John Konchar,john-konchar,1610612763,6-5,210,46,G
1628389,2021-03-26 04:41:02.848,2021-03-26 04:41:02.848,1628389,Bam Adebayo,bam-adebayo,1610612748,6-9,255,13,C-F
253,2021-03-26 04:41:02.852,2021-03-26 04:41:02.852,1629741,Marko Guduric,marko-guduric,1610612763,6-6,201,23,G
1629020,2021-03-26 04:41:02.856,2021-03-26 04:41:02.856,1629020,Jarred Vanderbilt,jarred-vanderbilt,1610612750,6-9,214,8,F
1627742,2021-03-26 04:41:02.86,2021-03-26 04:41:02.86,1627742,Brandon Ingram,brandon-ingram,1610612740,6-8,190,14,F
1628425,2021-03-26 04:41:02.865,2021-03-26 04:41:02.865,1628425,Sterling Brown,sterling-brown,1610612745,6-5,219,0,G-F
201950,2021-03-26 04:41:02.87,2021-03-26 04:41:02.87,201950,Jrue Holiday,jrue-holiday,1610612749,6-3,205,21,G
203901,2021-03-26 04:41:02.874,2021-03-26 04:41:02.874,203901,Elfrid Payton,elfrid-payton,1610612752,6-3,195,6,G
1626156,2021-03-26 04:41:02.878,2021-03-26 04:41:02.878,1626156,D'Angelo Russell,dangelo-russell,1610612750,6-4,193,0,G
201959,2021-03-26 04:41:02.883,2021-03-26 04:41:02.883,201959,Taj Gibson,taj-gibson,1610612752,6-9,232,67,F
203488,2021-03-26 04:41:02.887,2021-03-26 04:41:02.887,203488,Mike Muscala,mike-muscala,1610612760,6-10,240,33,F-C
1627846,2021-03-26 04:41:02.891,2021-03-26 04:41:02.891,1627846,Abdel Nader,abdel-nader,1610612756,6-5,225,11,F
1629665,2021-03-26 04:41:02.895,2021-03-26 04:41:02.895,1629665,Jalen Lecque,jalen-lecque,1610612754,6-4,185,0,G
2772,2021-03-26 04:41:02.9,2021-03-26 04:41:02.9,2772,Trevor Ariza,trevor-ariza,1610612748,6-8,215,0,F
2546,2021-03-26 04:41:02.905,2021-03-26 04:41:02.905,2546,Carmelo Anthony,carmelo-anthony,1610612757,6-7,238,00,F
1628385,2021-03-26 04:41:02.909,2021-03-26 04:41:02.909,1628385,Harry Giles III,harry-giles-iii,1610612757,6-11,240,4,F-C
1629660,2021-03-26 04:41:02.913,2021-03-26 04:41:02.913,1629660,Ty Jerome,ty-jerome,1610612760,6-5,195,16,G-F
201143,2021-03-26 04:41:02.918,2021-03-26 04:41:02.918,201143,Al Horford,al-horford,1610612760,6-9,240,42,C-F
201567,2021-03-26 04:41:02.922,2021-03-26 04:41:02.922,201567,Kevin Love,kevin-love,1610612739,6-8,251,0,F-C
1628427,2021-03-26 04:41:02.927,2021-03-26 04:41:02.927,1628427,Vlatko Cancar,vlatko-cancar,1610612743,6-8,236,31,F
361,2021-03-26 04:41:02.932,2021-03-26 04:41:02.932,1629724,Vic Law,vic-law,1610612753,6-7,201,23,F
142,2021-03-26 04:41:02.937,2021-03-26 04:41:02.937,1629648,Jordan Bone,jordan-bone,1610612765,6-3,180,18,G
1629109,2021-03-26 04:41:02.941,2021-03-26 04:41:02.941,1629109,Gary Clark,gary-clark,1610612753,6-6,225,12,F
203585,2021-03-26 04:41:02.945,2021-03-26 04:41:02.945,203585,Rodney McGruder,rodney-mcgruder,1610612765,6-4,205,17,G
1628964,2021-03-26 04:41:02.95,2021-03-26 04:41:02.95,1628964,Mo Bamba,mo-bamba,1610612753,7-0,231,5,C
201580,2021-03-26 04:41:02.954,2021-03-26 04:41:02.954,201580,JaVale McGee,javale-mcgee,1610612739,7-0,270,6,C-F
203082,2021-03-26 04:41:02.958,2021-03-26 04:41:02.958,203082,Terrence Ross,terrence-ross,1610612753,6-6,206,31,G-F
1627936,2021-03-26 04:41:02.962,2021-03-26 04:41:02.962,1627936,Alex Caruso,alex-caruso,1610612747,6-4,186,4,G
1628365,2021-03-26 04:41:02.967,2021-03-26 04:41:02.967,1628365,Markelle Fultz,markelle-fultz,1610612753,6-3,209,20,G
2544,2021-03-26 04:41:02.971,2021-03-26 04:41:02.971,2544,LeBron James,lebron-james,1610612747,6-9,250,23,F
203114,2021-03-26 04:41:02.975,2021-03-26 04:41:02.975,203114,Khris Middleton,khris-middleton,1610612749,6-7,222,22,F
203954,2021-03-26 04:41:02.98,2021-03-26 04:41:02.98,203954,Joel Embiid,joel-embiid,1610612755,7-0,280,21,C-F
1626157,2021-03-26 04:41:02.984,2021-03-26 04:41:02.984,1626157,Karl-Anthony Towns,karl-anthony-towns,1610612750,6-11,248,32,C-F
1629003,2021-03-26 04:41:02.988,2021-03-26 04:41:02.988,1629003,Shake Milton,shake-milton,1610612755,6-5,205,18,G-F
383,2021-03-26 04:41:02.992,2021-03-26 04:41:02.992,203124,Kyle O'Quinn,kyle-oquinn,1610612755,6-9,250,9,C-F
203500,2021-03-26 04:41:02.996,2021-03-26 04:41:02.996,203500,Steven Adams,steven-adams,1610612740,6-11,265,12,C
1628977,2021-03-26 04:41:03.001,2021-03-26 04:41:03.001,1628977,Hamidou Diallo,hamidou-diallo,1610612765,6-5,202,6,G
2730,2021-03-26 04:41:03.006,2021-03-26 04:41:03.006,2730,Dwight Howard,dwight-howard,1610612755,6-10,265,39,C-F
1626166,2021-03-26 04:41:03.01,2021-03-26 04:41:03.01,1626166,Cameron Payne,cameron-payne,1610612756,6-1,183,15,G
398,2021-03-26 04:41:03.015,2021-03-26 04:41:03.015,1629745,Tariq Owens,tariq-owens,1610612756,6-10,205,41,F
202734,2021-03-26 04:41:03.02,2021-03-26 04:41:03.02,202734,E'Twaun Moore,etwaun-moore,1610612756,6-3,191,55,G
203109,2021-03-26 04:41:03.024,2021-03-26 04:41:03.024,203109,Jae Crowder,jae-crowder,1610612756,6-6,235,99,F
1629018,2021-03-26 04:41:03.029,2021-03-26 04:41:03.029,1629018,Gary Trent Jr.,gary-trent-jr,1610612757,6-5,209,2,G-F
1628380,2021-03-26 04:41:03.034,2021-03-26 04:41:03.034,1628380,Zach Collins,zach-collins,1610612757,6-11,250,33,F-C
203468,2021-03-26 04:41:03.039,2021-03-26 04:41:03.039,203468,CJ McCollum,cj-mccollum,1610612757,6-3,190,3,G
1626162,2021-03-26 04:41:03.042,2021-03-26 04:41:03.042,1626162,Kelly Oubre Jr.,kelly-oubre-jr,1610612744,6-7,203,12,F-G
1628401,2021-03-26 04:41:03.047,2021-03-26 04:41:03.047,1628401,Derrick White,derrick-white,1610612759,6-4,190,4,G
203107,2021-03-26 04:41:03.052,2021-03-26 04:41:03.052,203107,Tomas Satoransky,tomas-satoransky,1610612741,6-7,210,31,G
1629657,2021-03-26 04:41:03.056,2021-03-26 04:41:03.056,1629657,Kyle Guy,kyle-guy,1610612758,6-1,167,7,G
202684,2021-03-26 04:41:03.059,2021-03-26 04:41:03.059,202684,Tristan Thompson,tristan-thompson,1610612738,6-9,254,13,C-F
131,2021-03-26 04:41:03.064,2021-03-26 04:41:03.064,203584,Troy Daniels,troy-daniels,1610612743,6-4,200,30,G
203924,2021-03-26 04:41:03.069,2021-03-26 04:41:03.069,203924,Jerami Grant,jerami-grant,1610612765,6-8,210,9,F
1626168,2021-03-26 04:41:03.073,2021-03-26 04:41:03.073,1626168,Trey Lyles,trey-lyles,1610612759,6-9,234,41,F
141,2021-03-26 04:41:03.077,2021-03-26 04:41:03.077,1629663,Louis King,louis-king,1610612765,6-7,205,14,F
1628410,2021-03-26 04:41:03.082,2021-03-26 04:41:03.082,1628410,Edmond Sumner,edmond-sumner,1610612754,6-4,196,5,G
1626188,2021-03-26 04:41:03.086,2021-03-26 04:41:03.086,1626188,Quinn Cook,quinn-cook,1610612739,6-1,180,2,G
203937,2021-03-26 04:41:03.09,2021-03-26 04:41:03.09,203937,Kyle Anderson,kyle-anderson,1610612763,6-9,230,1,F-G
203957,2021-03-26 04:41:03.094,2021-03-26 04:41:03.094,203957,Dante Exum,dante-exum,1610612745,6-5,214,5,G
111,2021-03-26 04:41:03.099,2021-03-26 04:41:03.099,1628499,Antonius Cleveland,antonius-cleveland,1610612742,6-5,195,3,G
1626153,2021-03-26 04:41:03.104,2021-03-26 04:41:03.104,1626153,Delon Wright,delon-wright,1610612765,6-5,185,55,G
117,2021-03-26 04:41:03.108,2021-03-26 04:41:03.108,1629729,Josh Reaves,josh-reaves,1610612742,6-4,214,23,G-F
194,2021-03-26 04:41:03.112,2021-03-26 04:41:03.112,1628388,TJ Leaf,tj-leaf,1610612754,6-10,222,22,F
203087,2021-03-26 04:41:03.117,2021-03-26 04:41:03.117,203087,Jeremy Lamb,jeremy-lamb,1610612754,6-5,180,26,G-F
1629599,2021-03-26 04:41:03.121,2021-03-26 04:41:03.121,1629599,Amir Coffey,amir-coffey,1610612746,6-7,210,7,G-F
1628991,2021-03-26 04:41:03.125,2021-03-26 04:41:03.125,1628991,Jaren Jackson Jr.,jaren-jackson-jr,1610612763,6-11,242,13,F-C
282,2021-03-26 04:41:03.129,2021-03-26 04:41:03.129,2594,Kyle Korver,kyle-korver,1610612749,6-7,212,26,G-F
286,2021-03-26 04:41:03.134,2021-03-26 04:41:03.134,101107,Marvin Williams,marvin-williams,1610612749,6-8,237,20,F
288,2021-03-26 04:41:03.139,2021-03-26 04:41:03.139,1629244,Cameron Reynolds,cameron-reynolds,1610612749,6-7,225,13,G-F
1627823,2021-03-26 04:41:03.143,2021-03-26 04:41:03.143,1627823,Juancho Hernangomez,juancho-hernangomez,1610612750,6-9,214,41,F
298,2021-03-26 04:41:03.147,2021-03-26 04:41:03.147,202323,Evan Turner,evan-turner,1610612750,6-6,220,1,G-F
203457,2021-03-26 04:41:03.152,2021-03-26 04:41:03.152,203457,Nerlens Noel,nerlens-noel,1610612752,6-11,220,3,C-F
1629001,2021-03-26 04:41:03.156,2021-03-26 04:41:03.156,1629001,De'Anthony Melton,deanthony-melton,1610612763,6-2,200,0,G
1628960,2021-03-26 04:41:03.16,2021-03-26 04:41:03.16,1628960,Grayson Allen,grayson-allen,1610612763,6-4,198,3,G
1629628,2021-03-26 04:41:03.165,2021-03-26 04:41:03.165,1629628,RJ Barrett,rj-barrett,1610612752,6-6,214,9,F-G
1629216,2021-03-26 04:41:03.171,2021-03-26 04:41:03.171,1629216,Gabe Vincent,gabe-vincent,1610612748,6-3,200,2,G
202710,2021-03-26 04:41:03.175,2021-03-26 04:41:03.175,202710,Jimmy Butler,jimmy-butler,1610612748,6-7,230,22,F
1629649,2021-03-26 04:41:03.181,2021-03-26 04:41:03.181,1629649,Ignas Brazdeikis,ignas-brazdeikis,1610612752,6-6,221,17,F
1629033,2021-03-26 04:41:03.185,2021-03-26 04:41:03.185,1629033,Theo Pinson,theo-pinson,1610612752,6-5,212,21,G-F
1628390,2021-03-26 04:41:03.189,2021-03-26 04:41:03.189,1628390,Terrance Ferguson,terrance-ferguson,1610612755,6-6,190,23,G
1629627,2021-03-26 04:41:03.193,2021-03-26 04:41:03.193,1629627,Zion Williamson,zion-williamson,1610612740,6-7,284,1,F
203121,2021-03-26 04:41:03.197,2021-03-26 04:41:03.197,203121,Darius Miller,darius-miller,1610612760,6-6,225,12,F
1628402,2021-03-26 04:41:03.202,2021-03-26 04:41:03.202,1628402,Frank Jackson,frank-jackson,1610612765,6-3,205,5,G
1629637,2021-03-26 04:41:03.208,2021-03-26 04:41:03.208,1629637,Jaxson Hayes,jaxson-hayes,1610612740,6-11,220,10,C-F
202329,2021-03-26 04:41:03.212,2021-03-26 04:41:03.212,202329,Al-Farouq Aminu,al-farouq-aminu,1610612753,6-8,220,2,F
202696,2021-03-26 04:41:03.217,2021-03-26 04:41:03.217,202696,Nikola Vucevic,nikola-vucevic,1610612753,6-11,260,9,C
203526,2021-03-26 04:41:03.222,2021-03-26 04:41:03.222,203526,Raul Neto,raul-neto,1610612764,6-1,180,19,G
202699,2021-03-26 04:41:03.227,2021-03-26 04:41:03.227,202699,Tobias Harris,tobias-harris,1610612755,6-8,226,12,F
203471,2021-03-26 04:41:03.231,2021-03-26 04:41:03.231,203471,Dennis Schroder,dennis-schroder,1610612747,6-3,172,17,G
381,2021-03-26 04:41:03.236,2021-03-26 04:41:03.236,203922,Glenn Robinson III,glenn-robinson-iii,1610612755,6-6,222,40,F
203967,2021-03-26 04:41:03.239,2021-03-26 04:41:03.239,203967,Dario Saric,dario-saric,1610612756,6-10,225,20,F-C
201937,2021-03-26 04:41:03.243,2021-03-26 04:41:03.243,201937,Ricky Rubio,ricky-rubio,1610612750,6-3,190,9,G
392,2021-03-26 04:41:03.248,2021-03-26 04:41:03.248,1629059,Elie Okobo,elie-okobo,1610612756,6-3,190,2,F-G
203145,2021-03-26 04:41:03.253,2021-03-26 04:41:03.253,203145,Kent Bazemore,kent-bazemore,1610612744,6-4,195,26,G-F
203081,2021-03-26 04:41:03.257,2021-03-26 04:41:03.257,203081,Damian Lillard,damian-lillard,1610612757,6-2,195,0,G
414,2021-03-26 04:41:03.261,2021-03-26 04:41:03.261,1629121,Jaylen Adams,jaylen-adams,1610612757,6-0,225,10,G
1629029,2021-03-26 04:41:03.265,2021-03-26 04:41:03.265,1629029,Luka Doncic,luka-doncic,1610612742,6-7,230,77,F-G
1627884,2021-03-26 04:41:03.269,2021-03-26 04:41:03.269,1627884,Derrick Jones Jr.,derrick-jones-jr,1610612757,6-5,210,55,F
1626143,2021-03-26 04:41:03.273,2021-03-26 04:41:03.273,1626143,Jahlil Okafor,jahlil-okafor,1610612765,6-10,270,13,C-F
202709,2021-03-26 04:41:03.277,2021-03-26 04:41:03.277,202709,Cory Joseph,cory-joseph,1610612758,6-3,200,9,G
1627814,2021-03-26 04:41:03.282,2021-03-26 04:41:03.282,1627814,Damion Lee,damion-lee,1610612744,6-5,210,1,G-F
1629002,2021-03-26 04:41:03.287,2021-03-26 04:41:03.287,1629002,Chimezie Metu,chimezie-metu,1610612758,6-9,225,25,F-C
1627734,2021-03-26 04:41:03.291,2021-03-26 04:41:03.291,1627734,Domantas Sabonis,domantas-sabonis,1610612754,6-11,240,11,F-C
1629677,2021-03-26 04:41:03.295,2021-03-26 04:41:03.295,1629677,Luka Samanic,luka-samanic,1610612759,6-10,227,19,F
1628993,2021-03-26 04:41:03.3,2021-03-26 04:41:03.3,1628993,Alize Johnson,alize-johnson,1610612751,6-7,212,12,F
201566,2021-03-26 04:41:03.305,2021-03-26 04:41:03.305,201566,Russell Westbrook,russell-westbrook,1610612764,6-3,200,4,G
1629735,2021-03-26 04:41:03.309,2021-03-26 04:41:03.309,1629735,Chris Silva,chris-silva,1610612748,6-8,234,30,F
1628978,2021-03-26 04:41:03.314,2021-03-26 04:41:03.314,1628978,Donte DiVincenzo,donte-divincenzo,1610612749,6-4,203,0,G
1629103,2021-03-26 04:41:03.319,2021-03-26 04:41:03.319,1629103,Kelan Martin,kelan-martin,1610612754,6-5,230,21,F
1629162,2021-03-26 04:41:03.324,2021-03-26 04:41:03.324,1629162,Jordan McLaughlin,jordan-mclaughlin,1610612750,5-11,185,6,G
1629008,2021-03-26 04:41:03.328,2021-03-26 04:41:03.328,1629008,Michael Porter Jr.,michael-porter-jr,1610612743,6-10,218,1,F
200794,2021-03-26 04:41:03.334,2021-03-26 04:41:03.334,200794,Paul Millsap,paul-millsap,1610612743,6-7,257,4,F
1628971,2021-03-26 04:41:03.337,2021-03-26 04:41:03.337,1628971,Bruce Brown,bruce-brown,1610612751,6-4,202,1,G-F
1629635,2021-03-26 04:41:03.341,2021-03-26 04:41:03.341,1629635,Sekou Doumbouya,sekou-doumbouya,1610612765,6-8,230,45,F
1629673,2021-03-26 04:41:03.346,2021-03-26 04:41:03.346,1629673,Jordan Poole,jordan-poole,1610612744,6-4,194,3,G
1628021,2021-03-26 04:41:03.35,2021-03-26 04:41:03.35,1628021,David Nwaba,david-nwaba,1610612745,6-5,219,2,G-F
201569,2021-03-26 04:41:03.355,2021-03-26 04:41:03.355,201569,Eric Gordon,eric-gordon,1610612745,6-3,215,10,G
203463,2021-03-26 04:41:03.359,2021-03-26 04:41:03.359,203463,Ben McLemore,ben-mclemore,1610612745,6-3,195,16,G
139,2021-03-26 04:41:03.363,2021-03-26 04:41:03.363,1627748,Thon Maker,thon-maker,1610612765,7-0,221,7,F-C
144,2021-03-26 04:41:03.37,2021-03-26 04:41:03.37,202688,Brandon Knight,brandon-knight,1610612765,6-2,182,20,G
202691,2021-03-26 04:41:03.374,2021-03-26 04:41:03.374,202691,Klay Thompson,klay-thompson,1610612744,6-6,215,11,G
203952,2021-03-26 04:41:03.381,2021-03-26 04:41:03.381,203952,Andrew Wiggins,andrew-wiggins,1610612744,6-7,197,22,F
203960,2021-03-26 04:41:03.386,2021-03-26 04:41:03.386,203960,JaKarr Sampson,jakarr-sampson,1610612754,6-7,214,14,F
203926,2021-03-26 04:41:03.391,2021-03-26 04:41:03.391,203926,Doug McDermott,doug-mcdermott,1610612754,6-7,225,20,F
177,2021-03-26 04:41:03.394,2021-03-26 04:41:03.394,201960,DeMarre Carroll,demarre-carroll,1610612745,6-6,215,9,F
1629611,2021-03-26 04:41:03.399,2021-03-26 04:41:03.399,1629611,Terance Mann,terance-mann,1610612746,6-5,215,14,G-F
203076,2021-03-26 04:41:03.404,2021-03-26 04:41:03.404,203076,Anthony Davis,anthony-davis,1610612747,6-10,253,3,F-C
1629007,2021-03-26 04:41:03.408,2021-03-26 04:41:03.408,1629007,Jontay Porter,jontay-porter,1610612763,6-11,240,4,C-F
252,2021-03-26 04:41:03.412,2021-03-26 04:41:03.412,201229,Anthony Tolliver,anthony-tolliver,1610612763,6-8,240,44,F
203476,2021-03-26 04:41:03.417,2021-03-26 04:41:03.417,203476,Gorgui Dieng,gorgui-dieng,1610612763,6-10,252,14,C
259,2021-03-26 04:41:03.421,2021-03-26 04:41:03.421,1629734,Kyle Alexander,kyle-alexander,1610612748,6-10,216,17,F-C
2617,2021-03-26 04:41:03.425,2021-03-26 04:41:03.425,2617,Udonis Haslem,udonis-haslem,1610612748,6-8,235,40,F
203648,2021-03-26 04:41:03.429,2021-03-26 04:41:03.429,203648,Thanasis Antetokounmpo,thanasis-antetokounmpo,1610612749,6-6,219,43,F
1629006,2021-03-26 04:41:03.433,2021-03-26 04:41:03.433,1629006,Josh Okogie,josh-okogie,1610612750,6-4,213,20,G
1629740,2021-03-26 04:41:03.437,2021-03-26 04:41:03.437,1629740,Nicolo Melli,nicolo-melli,1610612740,6-9,236,20,F
201145,2021-03-26 04:41:03.441,2021-03-26 04:41:03.441,201145,Jeff Green,jeff-green,1610612751,6-8,235,8,F
1628995,2021-03-26 04:41:03.444,2021-03-26 04:41:03.444,1628995,Kevin Knox II,kevin-knox-ii,1610612752,6-7,215,20,F
203506,2021-03-26 04:41:03.449,2021-03-26 04:41:03.449,203506,Victor Oladipo,victor-oladipo,1610612745,6-4,213,7,G
1629647,2021-03-26 04:41:03.454,2021-03-26 04:41:03.454,1629647,Darius Bazley,darius-bazley,1610612760,6-8,208,7,F-G
346,2021-03-26 04:41:03.458,2021-03-26 04:41:03.458,203460,Andre Roberson,andre-roberson,1610612760,6-7,210,21,G-F
101108,2021-03-26 04:41:03.462,2021-03-26 04:41:03.462,101108,Chris Paul,chris-paul,1610612756,6-0,175,3,G
1628391,2021-03-26 04:41:03.467,2021-03-26 04:41:03.467,1628391,D.J. Wilson,dj-wilson,1610612745,6-10,231,00,F
354,2021-03-26 04:41:03.471,2021-03-26 04:41:03.471,1628985,Devon Hall,devon-hall,1610612760,6-5,215,14,G
1627736,2021-03-26 04:41:03.474,2021-03-26 04:41:03.474,1627736,Malik Beasley,malik-beasley,1610612750,6-4,187,5,G
1629117,2021-03-26 04:41:03.478,2021-03-26 04:41:03.478,1629117,Wenyen Gabriel,wenyen-gabriel,1610612740,6-9,205,32,F
337,2021-03-26 04:41:03.483,2021-03-26 04:41:03.483,1629624,Kenny Wooten,kenny-wooten,1610612752,6-8,235,45,F
1629026,2021-03-26 04:41:03.488,2021-03-26 04:41:03.488,1629026,Kenrich Williams,kenrich-williams,1610612760,6-6,210,34,G-F
201961,2021-03-26 04:41:03.492,2021-03-26 04:41:03.492,201961,Wayne Ellington,wayne-ellington,1610612765,6-4,207,8,G
203086,2021-03-26 04:41:03.496,2021-03-26 04:41:03.496,203086,Meyers Leonard,meyers-leonard,1610612760,7-0,260,99,F-C
203932,2021-03-26 04:41:03.501,2021-03-26 04:41:03.501,203932,Aaron Gordon,aaron-gordon,1610612753,6-8,235,00,F
1629680,2021-03-26 04:41:03.505,2021-03-26 04:41:03.505,1629680,Matisse Thybulle,matisse-thybulle,1610612755,6-5,201,22,G-F
203118,2021-03-26 04:41:03.508,2021-03-26 04:41:03.508,203118,Mike Scott,mike-scott,1610612755,6-7,237,1,F
201568,2021-03-26 04:41:03.513,2021-03-26 04:41:03.513,201568,Danilo Gallinari,danilo-gallinari,1610612737,6-10,233,8,F
1627732,2021-03-26 04:41:03.518,2021-03-26 04:41:03.518,1627732,Ben Simmons,ben-simmons,1610612755,6-11,240,25,G-F
1626196,2021-03-26 04:41:03.523,2021-03-26 04:41:03.523,1626196,Josh Richardson,josh-richardson,1610612742,6-5,200,0,G
1628396,2021-03-26 04:41:03.526,2021-03-26 04:41:03.526,1628396,Tony Bradley,tony-bradley,1610612755,6-10,248,11,C-F
201980,2021-03-26 04:41:03.531,2021-03-26 04:41:03.531,201980,Danny Green,danny-green,1610612755,6-6,215,14,G
202357,2021-03-26 04:41:03.535,2021-03-26 04:41:03.535,202357,Nemanja Bjelica,nemanja-bjelica,1610612758,6-10,234,8,F
1629713,2021-03-26 04:41:03.539,2021-03-26 04:41:03.539,1629713,Justin James,justin-james,1610612758,6-7,190,10,G-F
1629640,2021-03-26 04:41:03.543,2021-03-26 04:41:03.543,1629640,Keldon Johnson,keldon-johnson,1610612759,6-5,220,3,F-G
1627749,2021-03-26 04:41:03.547,2021-03-26 04:41:03.547,1627749,Dejounte Murray,dejounte-murray,1610612759,6-4,180,5,G
1629056,2021-03-26 04:41:03.552,2021-03-26 04:41:03.552,1629056,Terence Davis,terence-davis,1610612761,6-4,201,0,G
1628778,2021-03-26 04:41:03.556,2021-03-26 04:41:03.556,1628778,Paul Watson,paul-watson,1610612761,6-6,210,1,G
200768,2021-03-26 04:41:03.56,2021-03-26 04:41:03.56,200768,Kyle Lowry,kyle-lowry,1610612761,6-0,196,7,G
202334,2021-03-26 04:41:03.565,2021-03-26 04:41:03.565,202334,Ed Davis,ed-davis,1610612750,6-9,218,17,C-F
203903,2021-03-26 04:41:03.57,2021-03-26 04:41:03.57,203903,Jordan Clarkson,jordan-clarkson,1610612762,6-4,194,00,G
203552,2021-03-26 04:41:03.574,2021-03-26 04:41:03.574,203552,Seth Curry,seth-curry,1610612755,6-2,185,31,G
203382,2021-03-26 04:41:03.579,2021-03-26 04:41:03.579,203382,Aron Baynes,aron-baynes,1610612761,6-10,260,46,C-F
395,2021-03-26 04:41:03.583,2021-03-26 04:41:03.583,1627767,Cheick Diallo,cheick-diallo,1610612756,6-8,219,14,F-C
1626224,2021-03-26 04:41:03.588,2021-03-26 04:41:03.588,1626224,Cedi Osman,cedi-osman,1610612739,6-7,230,16,F
1626164,2021-03-26 04:41:03.592,2021-03-26 04:41:03.592,1626164,Devin Booker,devin-booker,1610612756,6-5,206,1,G
158,2021-03-26 04:41:03.596,2021-03-26 04:41:03.596,1629065,Ky Bowman,ky-bowman,1610612744,6-1,187,12,G
207,2021-03-26 04:41:03.601,2021-03-26 04:41:03.601,201149,Joakim Noah,joakim-noah,1610612746,6-11,232,55,F-C
1627826,2021-03-26 04:41:03.605,2021-03-26 04:41:03.605,1627826,Ivica Zubac,ivica-zubac,1610612746,7-0,240,40,C
1628398,2021-03-26 04:41:03.609,2021-03-26 04:41:03.609,1628398,Kyle Kuzma,kyle-kuzma,1610612747,6-10,221,0,F
203084,2021-03-26 04:41:03.613,2021-03-26 04:41:03.613,203084,Harrison Barnes,harrison-barnes,1610612758,6-8,225,40,F
1626145,2021-03-26 04:41:03.618,2021-03-26 04:41:03.618,1626145,Tyus Jones,tyus-jones,1610612763,6-0,196,21,G
203458,2021-03-26 04:41:03.622,2021-03-26 04:41:03.622,203458,Alex Len,alex-len,1610612764,7-0,250,27,C
201609,2021-03-26 04:41:03.626,2021-03-26 04:41:03.626,201609,Goran Dragic,goran-dragic,1610612748,6-3,190,7,G
201942,2021-03-26 04:41:03.631,2021-03-26 04:41:03.631,201942,DeMar DeRozan,demar-derozan,1610612759,6-6,220,10,G-F
1627774,2021-03-26 04:41:03.635,2021-03-26 04:41:03.635,1627774,Jake Layman,jake-layman,1610612750,6-8,209,10,F
453,2021-03-26 04:41:03.639,2021-03-26 04:41:03.639,201158,Marco Belinelli,marco-belinelli,1610612759,6-5,220,18,G
1629744,2021-03-26 04:41:03.643,2021-03-26 04:41:03.643,1629744,Matt Thomas,matt-thomas,1610612761,6-4,190,21,G
1628411,2021-03-26 04:41:03.647,2021-03-26 04:41:03.647,1628411,Wes Iwundu,wes-iwundu,1610612742,6-6,195,25,F
204060,2021-03-26 04:41:03.652,2021-03-26 04:41:03.652,204060,Joe Ingles,joe-ingles,1610612762,6-8,220,2,F-G
471,2021-03-26 04:41:03.656,2021-03-26 04:41:03.656,1629608,Dewan Hernandez,dewan-hernandez,1610612761,6-10,235,20,C-F
1628976,2021-03-26 04:41:03.66,2021-03-26 04:41:03.66,1628976,Wendell Carter Jr.,wendell-carter-jr,1610612741,6-10,270,34,C-F
104,2021-03-26 04:41:03.664,2021-03-26 04:41:03.664,200826,J.J. Barea,jj-barea,1610612742,5-10,180,5,G
203999,2021-03-26 04:41:03.668,2021-03-26 04:41:03.668,203999,Nikola Jokic,nikola-jokic,1610612743,6-11,284,15,C
146,2021-03-26 04:41:03.672,2021-03-26 04:41:03.672,203895,Jordan McRae,jordan-mcrae,1610612765,6-5,179,52,G
149,2021-03-26 04:41:03.676,2021-03-26 04:41:03.676,1629017,Khyri Thomas,khyri-thomas,1610612765,6-3,210,13,G
189,2021-03-26 04:41:03.681,2021-03-26 04:41:03.681,1628513,Naz Mitrou-Long,naz-mitrou-long,1610612754,6-3,218,15,G
1626220,2021-03-26 04:41:03.688,2021-03-26 04:41:03.688,1626220,Royce O'Neale,royce-oneale,1610612762,6-4,226,23,F
1628415,2021-03-26 04:41:03.693,2021-03-26 04:41:03.693,1628415,Dillon Brooks,dillon-brooks,1610612763,6-7,225,24,G-F
492,2021-03-26 04:41:03.698,2021-03-26 04:41:03.698,1629678,Admiral Schofield,admiral-schofield,1610612764,6-5,241,1,G-F
278,2021-03-26 04:41:03.703,2021-03-26 04:41:03.703,1628412,Frank Mason,frank-mason,1610612749,5-11,190,15,G
1629633,2021-03-26 04:41:03.708,2021-03-26 04:41:03.708,1629633,Jarrett Culver,jarrett-culver,1610612750,6-6,195,23,G-F
314,2021-03-26 04:41:03.713,2021-03-26 04:41:03.713,1629597,Zylan Cheatham,zylan-cheatham,1610612740,6-5,220,45,F
317,2021-03-26 04:41:03.719,2021-03-26 04:41:03.719,1627982,Josh Gray,josh-gray,1610612740,6-0,180,5,G
319,2021-03-26 04:41:03.725,2021-03-26 04:41:03.725,1628414,Sindarius Thornwell,sindarius-thornwell,1610612740,6-4,215,12,G
1627751,2021-03-26 04:41:03.73,2021-03-26 04:41:03.73,1627751,Jakob Poeltl,jakob-poeltl,1610612759,7-1,245,25,C
1627761,2021-03-26 04:41:03.737,2021-03-26 04:41:03.737,1627761,DeAndre' Bembry,deandre-bembry,1610612761,6-5,210,95,G-F
1629730,2021-03-26 04:41:03.741,2021-03-26 04:41:03.741,1629730,Rayjon Tucker,rayjon-tucker,1610612755,6-3,209,9,G
1629738,2021-03-26 04:41:03.747,2021-03-26 04:41:03.747,1629738,Vincent Poirier,vincent-poirier,1610612755,7-0,235,17,C-F
503,2021-03-26 04:41:03.754,2021-03-26 04:41:03.754,1627784,Jarrod Uthoff,jarrod-uthoff,1610612764,6-9,220,7,F
468,2021-03-26 04:41:03.759,2021-03-26 04:41:03.759,1626178,Rondae Hollis-Jefferson,rondae-hollis-jefferson,1610612761,6-6,217,4,F
1629067,2021-03-26 04:41:03.764,2021-03-26 04:41:03.764,1629067,Isaac Bonga,isaac-bonga,1610612764,6-8,180,17,G
508,2021-03-26 04:41:03.769,2021-03-26 04:41:03.769,1626170,Jerian Grant,jerian-grant,1610612764,6-4,198,22,G
470,2021-03-26 04:41:03.774,2021-03-26 04:41:03.774,1629052,Oshae Brissett,oshae-brissett,1610612761,6-7,210,12,F-G
202722,2021-03-26 04:41:03.779,2021-03-26 04:41:03.779,202722,Davis Bertans,davis-bertans,1610612764,6-10,225,42,F
1629014,2021-03-26 04:41:03.785,2021-03-26 04:41:03.785,1629014,Anfernee Simons,anfernee-simons,1610612757,6-3,181,1,G
201144,2021-03-26 04:41:03.79,2021-03-26 04:41:03.79,201144,Mike Conley,mike-conley,1610612762,6-1,175,10,G
3,2021-03-26 04:41:03.795,2021-03-26 04:41:03.795,1626203,Treveon Graham,treveon-graham,1610612737,6-5,219,2,G-F
4,2021-03-26 04:41:03.801,2021-03-26 04:41:03.801,1629718,Charles Brown Jr.,charles-brown-jr,1610612737,6-6,199,4,G
1628963,2021-03-26 04:41:03.805,2021-03-26 04:41:03.805,1628963,Marvin Bagley III,marvin-bagley-iii,1610612758,6-11,235,35,F
8,2021-03-26 04:41:03.81,2021-03-26 04:41:03.81,203473,Dewayne Dedmon,dewayne-dedmon,1610612737,7-0,245,14,C
9,2021-03-26 04:41:03.814,2021-03-26 04:41:03.814,1627746,Skal Labissiere,skal-labissiere,1610612737,6-10,235,7,F-C
1627775,2021-03-26 04:41:03.82,2021-03-26 04:41:03.82,1627775,Patrick McCaw,patrick-mccaw,1610612761,6-7,181,22,G
12,2021-03-26 04:41:03.824,2021-03-26 04:41:03.824,1713,Vince Carter,vince-carter,1610612737,6-6,220,15,G-F
1628449,2021-03-26 04:41:03.828,2021-03-26 04:41:03.828,1628449,Chris Boucher,chris-boucher,1610612761,6-9,200,25,F-C
16,2021-03-26 04:41:03.832,2021-03-26 04:41:03.832,1627745,Damian Jones,damian-jones,1610612737,6-11,245,30,C
1630233,2021-03-26 04:41:03.836,2021-03-26 04:41:03.836,1630233,Nathan Knight,nathan-knight,1610612737,6-10,253,1,F-C
1628989,2021-03-26 04:41:03.84,2021-03-26 04:41:03.84,1628989,Kevin Huerter,kevin-huerter,1610612737,6-7,190,3,G-F
1630219,2021-03-26 04:41:03.844,2021-03-26 04:41:03.844,1630219,Skylar Mays,skylar-mays,1610612737,6-4,205,4,G
1629027,2021-03-26 04:41:03.848,2021-03-26 04:41:03.848,1629027,Trae Young,trae-young,1610612737,6-1,180,11,G
1629631,2021-03-26 04:41:03.853,2021-03-26 04:41:03.853,1629631,De'Andre Hunter,deandre-hunter,1610612737,6-8,225,12,F-G
203992,2021-03-26 04:41:03.857,2021-03-26 04:41:03.857,203992,Bogdan Bogdanovic,bogdan-bogdanovic,1610612737,6-6,220,13,G
203991,2021-03-26 04:41:03.861,2021-03-26 04:41:03.861,203991,Clint Capela,clint-capela,1610612737,6-10,240,15,C
1630168,2021-03-26 04:41:03.865,2021-03-26 04:41:03.865,1630168,Onyeka Okongwu,onyeka-okongwu,1610612737,6-8,235,17,F-C
1628381,2021-03-26 04:41:03.869,2021-03-26 04:41:03.869,1628381,John Collins,john-collins,1610612737,6-9,235,20,F-C
1629629,2021-03-26 04:41:03.873,2021-03-26 04:41:03.873,1629629,Cam Reddish,cam-reddish,1610612737,6-8,218,22,F-G
1628981,2021-03-26 04:41:03.877,2021-03-26 04:41:03.877,1628981,Bruno Fernando,bruno-fernando,1610612737,6-9,240,24,F-C
1627777,2021-03-26 04:41:03.881,2021-03-26 04:41:03.881,1627777,Georges Niang,georges-niang,1610612762,6-7,230,31,F
1629035,2021-03-26 04:41:03.886,2021-03-26 04:41:03.886,1629035,Carsen Edwards,carsen-edwards,1610612738,5-11,200,4,G
1630202,2021-03-26 04:41:03.89,2021-03-26 04:41:03.89,1630202,Payton Pritchard,payton-pritchard,1610612738,6-1,195,11,G
1630174,2021-03-26 04:41:03.894,2021-03-26 04:41:03.894,1630174,Aaron Nesmith,aaron-nesmith,1610612738,6-5,215,26,G-F
203935,2021-03-26 04:41:03.898,2021-03-26 04:41:03.898,203935,Marcus Smart,marcus-smart,1610612738,6-3,220,36,G
201952,2021-03-26 04:41:03.902,2021-03-26 04:41:03.902,201952,Jeff Teague,jeff-teague,1610612738,6-3,195,55,G
41,2021-03-26 04:41:03.907,2021-03-26 04:41:03.907,201163,Wilson Chandler,wilson-chandler,1610612751,6-8,235,21,F
202711,2021-03-26 04:41:03.911,2021-03-26 04:41:03.911,202711,Bojan Bogdanovic,bojan-bogdanovic,1610612762,6-7,226,44,F
43,2021-03-26 04:41:03.916,2021-03-26 04:41:03.916,1629725,Jeremiah Martin,jeremiah-martin,1610612751,6-2,185,0,G
203078,2021-03-26 04:41:03.921,2021-03-26 04:41:03.921,203078,Bradley Beal,bradley-beal,1610612764,6-3,207,3,G
47,2021-03-26 04:41:03.925,2021-03-26 04:41:03.925,1626147,Justin Anderson,justin-anderson,1610612751,6-5,231,10,F-G
202397,2021-03-26 04:41:03.928,2021-03-26 04:41:03.928,202397,Ish Smith,ish-smith,1610612764,6-0,175,14,G
201599,2021-03-26 04:41:03.933,2021-03-26 04:41:03.933,201599,DeAndre Jordan,deandre-jordan,1610612751,6-11,265,6,C
204020,2021-03-26 04:41:03.938,2021-03-26 04:41:03.938,204020,Tyler Johnson,tyler-johnson,1610612751,6-3,186,10,G
203915,2021-03-26 04:41:03.942,2021-03-26 04:41:03.942,203915,Spencer Dinwiddie,spencer-dinwiddie,1610612751,6-5,215,26,G
1629651,2021-03-26 04:41:03.946,2021-03-26 04:41:03.946,1629651,Nicolas Claxton,nicolas-claxton,1610612751,6-11,215,33,F-C
202066,2021-03-26 04:41:03.951,2021-03-26 04:41:03.951,202066,Garrett Temple,garrett-temple,1610612741,6-5,195,17,G-F
1627752,2021-03-26 04:41:03.955,2021-03-26 04:41:03.955,1627752,Taurean Prince,taurean-prince,1610612739,6-7,218,12,F
202322,2021-03-26 04:41:03.96,2021-03-26 04:41:03.96,202322,John Wall,john-wall,1610612745,6-3,210,1,G
201586,2021-03-26 04:41:03.966,2021-03-26 04:41:03.966,201586,Serge Ibaka,serge-ibaka,1610612746,6-10,235,9,F
201188,2021-03-26 04:41:03.97,2021-03-26 04:41:03.97,201188,Marc Gasol,marc-gasol,1610612747,6-11,255,14,C
1627854,2021-03-26 04:41:03.974,2021-03-26 04:41:03.974,1627854,Bryn Forbes,bryn-forbes,1610612749,6-2,205,7,G
203085,2021-03-26 04:41:03.978,2021-03-26 04:41:03.978,203085,Austin Rivers,austin-rivers,1610612752,6-4,200,8,G
52,2021-03-26 04:41:03.983,2021-03-26 04:41:03.983,202498,Lance Thomas,lance-thomas,1610612751,6-8,225,42,F
53,2021-03-26 04:41:03.988,2021-03-26 04:41:03.988,1629743,Donta Hall,donta-hall,1610612751,6-9,229,45,F
1629617,2021-03-26 04:41:03.992,2021-03-26 04:41:03.992,1629617,Reggie Perry,reggie-perry,1610612751,6-8,250,0,F-C
203925,2021-03-26 04:41:03.997,2021-03-26 04:41:03.997,203925,Joe Harris,joe-harris,1610612751,6-6,220,12,G-F
1630163,2021-03-26 04:41:04.002,2021-03-26 04:41:04.002,1630163,LaMelo Ball,lamelo-ball,1610612766,6-6,180,2,G
1630203,2021-03-26 04:41:04.006,2021-03-26 04:41:04.006,1630203,Grant Riller,grant-riller,1610612766,6-2,190,7,G
1630208,2021-03-26 04:41:04.01,2021-03-26 04:41:04.01,1630208,Nick Richards,nick-richards,1610612766,7-0,245,14,C
1630176,2021-03-26 04:41:04.015,2021-03-26 04:41:04.015,1630176,Vernon Carey Jr.,vernon-carey-jr,1610612766,6-9,270,22,F-C
1630268,2021-03-26 04:41:04.02,2021-03-26 04:41:04.02,1630268,Nate Darling,nate-darling,1610612766,6-6,200,30,G
1629004,2021-03-26 04:41:04.024,2021-03-26 04:41:04.024,1629004,Svi Mykhailiuk,svi-mykhailiuk,1610612760,6-7,205,14,G-F
1629653,2021-03-26 04:41:04.028,2021-03-26 04:41:04.028,1629653,Devon Dotson,devon-dotson,1610612741,6-2,185,3,G
1626245,2021-03-26 04:41:04.033,2021-03-26 04:41:04.033,1626245,Cristiano Felicio,cristiano-felicio,1610612741,6-11,270,6,F-C
203897,2021-03-26 04:41:04.037,2021-03-26 04:41:04.037,203897,Zach LaVine,zach-lavine,1610612741,6-5,200,8,G-F
1630172,2021-03-26 04:41:04.041,2021-03-26 04:41:04.041,1630172,Patrick Williams,patrick-williams,1610612741,6-7,215,9,F
1629655,2021-03-26 04:41:04.047,2021-03-26 04:41:04.047,1629655,Daniel Gafford,daniel-gafford,1610612741,6-10,234,12,F-C
1628990,2021-03-26 04:41:04.052,2021-03-26 04:41:04.052,1628990,Chandler Hutchison,chandler-hutchison,1610612741,6-6,210,15,F-G
201152,2021-03-26 04:41:04.056,2021-03-26 04:41:04.056,201152,Thaddeus Young,thaddeus-young,1610612741,6-8,235,21,F
203490,2021-03-26 04:41:04.06,2021-03-26 04:41:04.06,203490,Otto Porter Jr.,otto-porter-jr,1610612741,6-8,198,22,F
1628374,2021-03-26 04:41:04.065,2021-03-26 04:41:04.065,1628374,Lauri Markkanen,lauri-markkanen,1610612741,7-0,240,24,F-C
1627756,2021-03-26 04:41:04.069,2021-03-26 04:41:04.069,1627756,Denzel Valentine,denzel-valentine,1610612741,6-4,220,45,G
1627853,2021-03-26 04:41:04.074,2021-03-26 04:41:04.074,1627853,Ryan Arcidiacono,ryan-arcidiacono,1610612741,6-3,195,51,G
102,2021-03-26 04:41:04.077,2021-03-26 04:41:04.077,1627790,Ante Zizic,ante-zizic,1610612739,6-10,266,41,C
101,2021-03-26 04:41:04.082,2021-03-26 04:41:04.082,1629760,Matt Mooney,matt-mooney,1610612739,6-2,199,31,G
1630205,2021-03-26 04:41:04.087,2021-03-26 04:41:04.087,1630205,Lamar Stevens,lamar-stevens,1610612739,6-6,230,8,F
1629636,2021-03-26 04:41:04.091,2021-03-26 04:41:04.091,1629636,Darius Garland,darius-garland,1610612739,6-1,192,10,G
1626204,2021-03-26 04:41:04.095,2021-03-26 04:41:04.095,1626204,Larry Nance Jr.,larry-nance-jr,1610612739,6-7,245,22,F-C
1628386,2021-03-26 04:41:04.1,2021-03-26 04:41:04.1,1628386,Jarrett Allen,jarrett-allen,1610612739,6-11,243,31,C
1630271,2021-03-26 04:41:04.104,2021-03-26 04:41:04.104,1630271,Brodric Thomas,brodric-thomas,1610612739,6-5,185,33,G
1630171,2021-03-26 04:41:04.108,2021-03-26 04:41:04.108,1630171,Isaac Okoro,isaac-okoro,1610612739,6-5,225,35,F-G
1630179,2021-03-26 04:41:04.112,2021-03-26 04:41:04.112,1630179,Tyrell Terry,tyrell-terry,1610612742,6-2,160,1,G
1630189,2021-03-26 04:41:04.117,2021-03-26 04:41:04.117,1630189,Tyler Bey,tyler-bey,1610612742,6-7,215,2,F
203504,2021-03-26 04:41:04.122,2021-03-26 04:41:04.122,203504,Trey Burke,trey-burke,1610612742,6-0,185,3,G
1630182,2021-03-26 04:41:04.126,2021-03-26 04:41:04.126,1630182,Josh Green,josh-green,1610612742,6-5,200,8,G
1627827,2021-03-26 04:41:04.13,2021-03-26 04:41:04.13,1627827,Dorian Finney-Smith,dorian-finney-smith,1610612742,6-7,220,10,F
203501,2021-03-26 04:41:04.135,2021-03-26 04:41:04.135,203501,Tim Hardaway Jr.,tim-hardaway-jr,1610612742,6-5,205,11,G-F
1630207,2021-03-26 04:41:04.139,2021-03-26 04:41:04.139,1630207,Nate Hinton,nate-hinton,1610612742,6-5,210,14,G-F
1628467,2021-03-26 04:41:04.143,2021-03-26 04:41:04.143,1628467,Maxi Kleber,maxi-kleber,1610612742,6-10,240,42,F
1626246,2021-03-26 04:41:04.148,2021-03-26 04:41:04.148,1626246,Boban Marjanovic,boban-marjanovic,1610612742,7-4,290,51,C
1630210,2021-03-26 04:41:04.153,2021-03-26 04:41:04.153,1630210,Markus Howard,markus-howard,1610612743,5-10,175,00,G
204222,2021-03-26 04:41:04.157,2021-03-26 04:41:04.157,204222,Greg Whittington,greg-whittington,1610612743,6-8,210,3,F
1630267,2021-03-26 04:41:04.161,2021-03-26 04:41:04.161,1630267,Facundo Campazzo,facundo-campazzo,1610612743,5-10,195,7,G
1630181,2021-03-26 04:41:04.166,2021-03-26 04:41:04.166,1630181,R.J. Hampton,rj-hampton,1610612743,6-4,175,13,G
1630192,2021-03-26 04:41:04.17,2021-03-26 04:41:04.17,1630192,Zeke Nnaji,zeke-nnaji,1610612743,6-9,240,22,F-C
1628392,2021-03-26 04:41:04.175,2021-03-26 04:41:04.175,1628392,Isaiah Hartenstein,isaiah-hartenstein,1610612743,7-0,250,25,C-F
152,2021-03-26 04:41:04.179,2021-03-26 04:41:04.179,203089,John Henson,john-henson,1610612765,6-9,219,31,F-C
1630165,2021-03-26 04:41:04.184,2021-03-26 04:41:04.184,1630165,Killian Hayes,killian-hayes,1610612765,6-5,195,7,G
1630191,2021-03-26 04:41:04.188,2021-03-26 04:41:04.188,1630191,Isaiah Stewart,isaiah-stewart,1610612765,6-8,250,28,F-C
1630240,2021-03-26 04:41:04.192,2021-03-26 04:41:04.192,1630240,Saben Lee,saben-lee,1610612765,6-2,183,38,G
1630180,2021-03-26 04:41:04.196,2021-03-26 04:41:04.196,1630180,Saddiq Bey,saddiq-bey,1610612765,6-7,215,41,F
1629686,2021-03-26 04:41:04.202,2021-03-26 04:41:04.202,1629686,Deividas Sirvydis,deividas-sirvydis,1610612765,6-8,190,91,F-G
1630185,2021-03-26 04:41:04.206,2021-03-26 04:41:04.206,1630185,Nico Mannion,nico-mannion,1610612744,6-2,190,2,G
1627737,2021-03-26 04:41:04.21,2021-03-26 04:41:04.21,1627737,Marquese Chriss,marquese-chriss,1610612744,6-9,240,32,F
1630164,2021-03-26 04:41:04.216,2021-03-26 04:41:04.216,1630164,James Wiseman,james-wiseman,1610612744,7-0,240,33,C
180,2021-03-26 04:41:04.221,2021-03-26 04:41:04.221,200757,Thabo Sefolosha,thabo-sefolosha,1610612745,6-6,215,18,F-G
181,2021-03-26 04:41:04.225,2021-03-26 04:41:04.225,1626187,Michael Frazier,michael-frazier,1610612745,6-3,200,21,G
1630231,2021-03-26 04:41:04.229,2021-03-26 04:41:04.229,1630231,Kenyon Martin Jr.,kenyon-martin-jr,1610612745,6-6,215,6,F
1630256,2021-03-26 04:41:04.234,2021-03-26 04:41:04.234,1630256,Jae'Sean Tate,jaesean-tate,1610612745,6-4,230,8,F
1630237,2021-03-26 04:41:04.239,2021-03-26 04:41:04.239,1630237,Anthony Lamb,anthony-lamb,1610612745,6-6,227,33,F
1630199,2021-03-26 04:41:04.243,2021-03-26 04:41:04.243,1630199,Cassius Stanley,cassius-stanley,1610612754,6-5,190,2,G
1627747,2021-03-26 04:41:04.246,2021-03-26 04:41:04.246,1627747,Caris LeVert,caris-levert,1610612754,6-6,205,22,G
1630206,2021-03-26 04:41:04.251,2021-03-26 04:41:04.251,1630206,Jay Scrubb,jay-scrubb,1610612746,6-5,220,4,G
1630187,2021-03-26 04:41:04.256,2021-03-26 04:41:04.256,1630187,Daniel Oturu,daniel-oturu,1610612746,6-8,240,10,C
230,2021-03-26 04:41:04.26,2021-03-26 04:41:04.26,203079,Dion Waiters,dion-waiters,1610612747,6-3,210,18,G
202693,2021-03-26 04:41:04.264,2021-03-26 04:41:04.264,202693,Markieff Morris,markieff-morris,1610612747,6-9,245,88,F
1630214,2021-03-26 04:41:04.269,2021-03-26 04:41:04.269,1630214,Xavier Tillman,xavier-tillman,1610612763,6-8,245,2,F
1630217,2021-03-26 04:41:04.274,2021-03-26 04:41:04.274,1630217,Desmond Bane,desmond-bane,1610612763,6-5,215,22,G
1630253,2021-03-26 04:41:04.278,2021-03-26 04:41:04.278,1630253,Sean McDermott,sean-mcdermott,1610612763,6-6,195,30,F
1629622,2021-03-26 04:41:04.283,2021-03-26 04:41:04.283,1629622,Max Strus,max-strus,1610612748,6-5,215,31,G-F
1629681,2021-03-26 04:41:04.288,2021-03-26 04:41:04.288,1629681,Killian Tillie,killian-tillie,1610612763,6-9,220,35,F-C
1630173,2021-03-26 04:41:04.292,2021-03-26 04:41:04.292,1630173,Precious Achiuwa,precious-achiuwa,1610612748,6-8,225,5,F
1629670,2021-03-26 04:41:04.296,2021-03-26 04:41:04.296,1629670,Jordan Nwora,jordan-nwora,1610612749,6-8,225,13,F
1630241,2021-03-26 04:41:04.301,2021-03-26 04:41:04.301,1630241,Sam Merrill,sam-merrill,1610612749,6-4,205,15,G
1629603,2021-03-26 04:41:04.306,2021-03-26 04:41:04.306,1629603,Mamadi Diakite,mamadi-diakite,1610612749,6-9,228,25,F
1626253,2021-03-26 04:41:04.31,2021-03-26 04:41:04.31,1626253,Axel Toupane,axel-toupane,1610612749,6-7,210,66,G-F
301,2021-03-26 04:41:04.316,2021-03-26 04:41:04.316,1629016,Omari Spellman,omari-spellman,1610612750,6-8,245,14,F
1630162,2021-03-26 04:41:04.32,2021-03-26 04:41:04.32,1630162,Anthony Edwards,anthony-edwards,1610612750,6-4,225,1,G
1630183,2021-03-26 04:41:04.325,2021-03-26 04:41:04.325,1630183,Jaden McDaniels,jaden-mcdaniels,1610612750,6-9,185,3,F
1629638,2021-03-26 04:41:04.328,2021-03-26 04:41:04.328,1629638,Nickeil Alexander-Walker,nickeil-alexander-walker,1610612740,6-6,205,6,G
1630230,2021-03-26 04:41:04.334,2021-03-26 04:41:04.334,1630230,Naji Marshall,naji-marshall,1610612740,6-7,220,8,F
1630184,2021-03-26 04:41:04.338,2021-03-26 04:41:04.338,1630184,Kira Lewis Jr.,kira-lewis-jr,1610612740,6-1,170,13,G
1630266,2021-03-26 04:41:04.343,2021-03-26 04:41:04.343,1630266,Will Magnay,will-magnay,1610612740,6-10,234,25,"C
"
